project_id|project_name|ward|sector|amount|allocation_zmw|disbursement_zmw|usage_zmw|status|year|source_doc
LUS-CDF-001|Drilling of borehole at Masosi village|Chingolo Ward|Water & Sanitation|0.0|0.0|0.0|0.0|Proposed|2024|doc_4.pdf
LUS-CDF-002|Construction of two staff houses at Haugen primary|Chisangu Ward|Education|0.0|0.0|0.0|0.0|Proposed|2024|doc_4.pdf
LUS-CDF-003|Day Secondary School|Singozi Ward|Education|0.0|0.0|0.0|0.0|Proposed|2024|doc_4.pdf
LUS-CDF-004|Construction of a clinic at Mudonsa|Mudonsa Ward|Education|0.0|0.0|0.0|0.0|Proposed|2024|doc_4.pdf
LUS-CDF-005|Construction of a clinic at Chizalira|Mawanda Ward|Health|0.0|0.0|0.0|0.0|Proposed|2024|doc_4.pdf
LUS-CDF-006|Construction of 1x3 classroom block Zanje (chinkhombe )|Chikowa Ward|Education|0.0|0.0|0.0|0.0|Proposed|2024|doc_4.pdf
LUS-CDF-007|Drilling of borehole at mzaleka village|Chingolo Ward|Water & Sanitation|0.0|0.0|0.0|0.0|Proposed|2024|doc_4.pdf
LUS-CDF-008|Construction of a health post clinic at Chiwa zone|District-wide|Health|0.0|0.0|0.0|0.0|Proposed|2024|doc_4.pdf
LUS-CDF-009|Construction of a 1x3 classroom block for early childhood education at Ray school|District-wide|Education|0.0|0.0|0.0|0.0|Proposed|2024|doc_4.pdf
LUS-CDF-010|Construction of 1x3 classroom block at chiwa school|District-wide|Education|0.0|0.0|0.0|0.0|Proposed|2024|doc_4.pdf
LUS-CDF-011|Drilling of borehole at Jere village (chiwa)|District-wide|Water & Sanitation|0.0|0.0|0.0|0.0|Proposed|2024|doc_4.pdf
LUS-CDF-012|Drilling of a borehole at Chiwa Katonda area (Chiwa)|District-wide|Water & Sanitation|0.0|0.0|0.0|0.0|Proposed|2024|doc_4.pdf
LUS-CDF-013|Drilling of a borehole at chiwa kafufuma area (Chiwa)|District-wide|Water & Sanitation|0.0|0.0|0.0|0.0|Proposed|2024|doc_4.pdf
LUS-CDF-014|Drilling of borehole at chiwa chifunitla area (Chiwa)|District-wide|Water & Sanitation|0.0|0.0|0.0|0.0|Proposed|2024|doc_4.pdf
LUS-CDF-015|Drilling of borehole at masomphenya (Chiwa)|District-wide|Water & Sanitation|0.0|0.0|0.0|0.0|Proposed|2024|doc_4.pdf
LUS-CDF-016|Grading of 50km road at chilongozi to Sandwe road|District-wide|Transport & Infrastructure|0.0|0.0|0.0|0.0|Proposed|2024|doc_4.pdf
LUS-CDF-017|Construction of a health post at lumbuka|District-wide|Health|0.0|0.0|0.0|0.0|Proposed|2024|doc_4.pdf
LUS-CDF-018|Construction of maternity annex at Sandwe|District-wide|Health|0.0|0.0|0.0|0.0|Proposed|2024|doc_4.pdf
LUS-CDF-019|Construction of a maternity annex and a staff house at chiwale|District-wide|Health|0.0|0.0|0.0|0.0|Proposed|2024|doc_4.pdf
LUS-CDF-020|Construction of two staff houses at Chioteta Primary school|District-wide|Education|0.0|0.0|0.0|0.0|Proposed|2024|doc_4.pdf
LUS-CDF-021|Construction of two teachers houses at mangolo primary school|District-wide|Education|0.0|0.0|0.0|0.0|Proposed|2024|doc_4.pdf
LUS-CDF-022|Construction of two teachers houses at mwanika primary School|District-wide|Education|0.0|0.0|0.0|0.0|Proposed|2024|doc_4.pdf
LUS-CDF-023|Construction of health post at maila zone|District-wide|Health|0.0|0.0|0.0|0.0|Proposed|2024|doc_4.pdf
LUS-CDF-024|Rehabilitation of a Dam at Haugeni zone|District-wide|Water & Sanitation|0.0|0.0|0.0|0.0|Proposed|2024|doc_4.pdf
LUS-CDF-025|Construction of two teachers at Njazi community|District-wide|Education|0.0|0.0|0.0|0.0|Proposed|2024|doc_4.pdf
LUS-CDF-026|Construction of health post at Mangolo zone|District-wide|Health|0.0|0.0|0.0|0.0|Proposed|2024|doc_4.pdf
LUS-CDF-027|Completion of staff house Maila primary school|District-wide|Education|0.0|0.0|0.0|0.0|Proposed|2024|doc_4.pdf
LUS-CDF-028|Drilling of borehole at salazani village|District-wide|Water & Sanitation|0.0|0.0|0.0|0.0|Proposed|2024|doc_4.pdf
LUS-CDF-029|Drilling of borehole at sambila village|District-wide|Water & Sanitation|0.0|0.0|0.0|0.0|Proposed|2024|doc_4.pdf
LUS-CDF-030|Staff house at mwanika rural health center|District-wide|Health|0.0|0.0|0.0|0.0|Proposed|2024|doc_4.pdf
LUS-CDF-031|Rehabilitation of 1x 5 classroom block and installation of solar power at Monde Day Secondary School|District-wide|Education|0.0|0.0|0.0|0.0|Proposed|2024|doc_4.pdf
LUS-CDF-032|Construction of 1x3 classroom block ,2 staff houses, drilling a borehole and school toilet at Chibilubilu Primary School|District-wide|Water & Sanitation|0.0|0.0|0.0|0.0|Proposed|2024|doc_4.pdf
LUS-CDF-033|Construction of 1x3 classroom ,5 staff houses and 9 VIP toilets at Chisala Primary School|District-wide|Education|0.0|0.0|0.0|0.0|Proposed|2024|doc_4.pdf
LUS-CDF-034|Rehabilitation of 7 staff houses, construction of 15 staff houses and sinking of 1 borehole and construction of 4 VIP toilet at Mzenje Primary School|District-wide|Water & Sanitation|0.0|0.0|0.0|0.0|Proposed|2024|doc_4.pdf
LUS-CDF-035|Construction of 2 staff houses , rehabilitation of Rural health center ,drilling a borehole and procurement of 15 mattresses and 15 beds at Chikuse Rural Health center|District-wide|Water & Sanitation|0.0|0.0|0.0|0.0|Proposed|2024|doc_4.pdf
LUS-CDF-036|Drilling and rehabilitation of at least two boreholes in all zones|District-wide|Water & Sanitation|0.0|0.0|0.0|0.0|Proposed|2024|doc_4.pdf
LUS-CDF-037|Construction of market at kakwiya|District-wide|Markets & Public Order|0.0|0.0|0.0|0.0|Proposed|2024|doc_4.pdf
LUS-CDF-038|Construction of 1x3 classroom block, 3 staff houses, a toilet and drilling of a borehole at Mkonda Primary School|District-wide|Water & Sanitation|0.0|0.0|0.0|0.0|Proposed|2024|doc_4.pdf
LUS-CDF-039|Construction of 3 staff houses and 3 toilets at Misolo secondary school|District-wide|Education|0.0|0.0|0.0|0.0|Proposed|2024|doc_4.pdf
LUS-CDF-040|Construction of a specialized room at Sonja girls boarding school|District-wide|Education|0.0|0.0|0.0|0.0|Proposed|2024|doc_4.pdf
LUS-CDF-041|Drilling of borehole in all the zones|District-wide|Water & Sanitation|0.0|0.0|0.0|0.0|Proposed|2024|doc_4.pdf
LUS-CDF-042|Drilling of borehole in village 90|District-wide|Water & Sanitation|0.0|0.0|0.0|0.0|Proposed|2024|doc_4.pdf
LUS-CDF-043|Drilling of a borehole at village mtemba, paulo, nyankhozi ,77,58,78/80 69/62 and at kasakatiza|District-wide|Water & Sanitation|0.0|0.0|0.0|0.0|Proposed|2024|doc_4.pdf
LUS-CDF-044|Construction of 1x3 dormitory, wall fence, computer lab and drilling of a borehole at Sonja girls’ school|District-wide|Water & Sanitation|0.0|0.0|0.0|0.0|Proposed|2024|doc_4.pdf
LUS-CDF-045|Drilling of a borehole at reformed church|Mudonsa Ward|Water & Sanitation|0.0|0.0|0.0|0.0|Proposed|2024|doc_4.pdf
LUS-CDF-046|Construction of a clinic at Chizalira|District-wide|Health|0.0|0.0|0.0|0.0|Proposed|2024|doc_4.pdf
LUS-CDF-047|Construction of a maternity annex at Makale|District-wide|Health|0.0|0.0|0.0|0.0|Proposed|2024|doc_4.pdf
LUS-CDF-048|Drilling of 9 boreholes in selected zones of the wards|District-wide|Water & Sanitation|0.0|0.0|0.0|0.0|Proposed|2024|doc_4.pdf
LUS-CDF-049|Construction of a staff house at Chitindi main hospital|District-wide|Health|0.0|0.0|0.0|0.0|Proposed|2024|doc_4.pdf
LUS-CDF-050|Construction of a police post at Mawanda|Mawanda Ward|Markets & Public Order|0.0|0.0|0.0|0.0|Proposed|2024|doc_4.pdf
LUS-CDF-051|Construction of a maternity annex at Nyaluwilo|District-wide|Health|0.0|0.0|0.0|0.0|Proposed|2024|doc_4.pdf
LUS-CDF-052|Rehabilitation of staff house at Makale primary|District-wide|Community Development|0.0|0.0|0.0|0.0|Proposed|2024|doc_4.pdf
LUS-CDF-053|Construction of 1x3 classroom block at ukwimi primary school|Ukwimi Ward|Education|0.0|0.0|0.0|0.0|Proposed|2024|doc_4.pdf
LUS-CDF-054|Construction of 2 staff houses at Kaunyolo|District-wide|Community Development|0.0|0.0|0.0|0.0|Proposed|2024|doc_4.pdf
LUS-CDF-055|Construction of a Dam at songovwa|District-wide|Water & Sanitation|0.0|0.0|0.0|0.0|Proposed|2024|doc_4.pdf
LUS-CDF-056|Construction of a computer laboratory at kasangazi primary school|District-wide|Education|0.0|0.0|0.0|0.0|Proposed|2024|doc_4.pdf
LUS-CDF-057|Drilling of a borehole at kasangazi|District-wide|Water & Sanitation|0.0|0.0|0.0|0.0|Proposed|2024|doc_4.pdf
LUS-CDF-058|Drilling of a borehole at Nkhukuzalila|Ukwimi Ward|Water & Sanitation|0.0|0.0|0.0|0.0|Proposed|2024|doc_4.pdf
LUS-CDF-059|Drilling of a borehole at Chongani village|District-wide|Water & Sanitation|0.0|0.0|0.0|0.0|Proposed|2024|doc_4.pdf
LUS-CDF-060|Drilling of a borehole at kambangu|District-wide|Water & Sanitation|0.0|0.0|0.0|0.0|Proposed|2024|doc_4.pdf
LUS-CDF-061|Drilling of a borehole at village 33|District-wide|Water & Sanitation|0.0|0.0|0.0|0.0|Proposed|2024|doc_4.pdf
LUS-CDF-062|Drilling of a borehole at village 3|District-wide|Water & Sanitation|0.0|0.0|0.0|0.0|Proposed|2024|doc_4.pdf
LUS-CDF-063|Construction of 1x3 classroom block and staff house at Katasha polling station|District-wide|Education|0.0|0.0|0.0|0.0|Proposed|2024|doc_4.pdf
LUS-CDF-064|Construction of 1x3 classroom block at Chikokwe polling station|District-wide|Education|0.0|0.0|0.0|0.0|Proposed|2024|doc_4.pdf
LUS-CDF-065|Construction of 2 staff houses at Simwenda primary|District-wide|Community Development|0.0|0.0|0.0|0.0|Proposed|2024|doc_4.pdf
LUS-CDF-066|Drilling of a borehole at Chingala village|District-wide|Water & Sanitation|0.0|0.0|0.0|0.0|Proposed|2024|doc_4.pdf
LUS-CDF-067|Construction of 1x3 classroom block and 1 staff house at Malengo Community school|District-wide|Education|0.0|0.0|0.0|0.0|Proposed|2024|doc_4.pdf
LUS-CDF-068|Construction of 3 staff at Katangwila|District-wide|Community Development|0.0|0.0|0.0|0.0|Proposed|2024|doc_4.pdf
LUS-CDF-069|Construction of 1x3 classroom block at and ablution block at Natani community school|District-wide|Education|0.0|0.0|0.0|0.0|Proposed|2024|doc_4.pdf
LUS-CDF-070|Construction of 1x3 classroom block and ablution block at Katambo primary school|District-wide|Education|0.0|0.0|0.0|0.0|Proposed|2024|doc_4.pdf
LUS-CDF-071|Construction of 1x3 classroom block at Nyampande primary|District-wide|Education|0.0|0.0|0.0|0.0|Proposed|2024|doc_4.pdf
LUS-CDF-072|Construction of road from Nkhope to chikuwa rural health center|District-wide|Transport & Infrastructure|0.0|0.0|0.0|0.0|Proposed|2024|doc_4.pdf
LUS-CDF-073|Construction of staff house at sichilima|District-wide|Community Development|0.0|0.0|0.0|0.0|Proposed|2024|doc_4.pdf
LUS-CDF-074|Drilling of boreholes at chinkhombe and vima banana farm|District-wide|Water & Sanitation|0.0|0.0|0.0|0.0|Proposed|2024|doc_4.pdf
LUS-CDF-075|Procurement of Desks for Chikoba primary|District-wide|Education|0.0|0.0|0.0|0.0|Proposed|2024|doc_4.pdf
LUS-CDF-076|Procurement of solar power at chikuwa secondary|District-wide|Community Development|0.0|0.0|0.0|0.0|Proposed|2024|doc_4.pdf
LUS-CDF-077|Construction of 1x3 classroom block at Nyampandolo primary school|District-wide|Education|0.0|0.0|0.0|0.0|Proposed|2024|doc_4.pdf
LUS-CDF-078|Drilling of a borehole at Mwambula Shamatala zone at kasenga|District-wide|Water & Sanitation|0.0|0.0|0.0|0.0|Proposed|2024|doc_4.pdf
LUS-CDF-079|Drilling of a borehole at Chimwemwe village at Mwanza village|District-wide|Water & Sanitation|0.0|0.0|0.0|0.0|Proposed|2024|doc_4.pdf
LUS-CDF-080|Drilling of a borehole at Nyampondolo zone at Lutwazi section|District-wide|Water & Sanitation|0.0|0.0|0.0|0.0|Proposed|2024|doc_4.pdf
LUS-CDF-081|Drilling of a borehole at zone 3 ,kazipalile section|District-wide|Water & Sanitation|0.0|0.0|0.0|0.0|Proposed|2024|doc_4.pdf
LUS-CDF-082|Drilling of a borehole at Nyampondolo zone ,Pembaleza Section|District-wide|Water & Sanitation|0.0|0.0|0.0|0.0|Proposed|2024|doc_4.pdf
LUS-CDF-083|Construction of 1x3 classroom block ,5 teachers houses , solar water controller at Mwanza Primary|District-wide|Water & Sanitation|0.0|0.0|0.0|0.0|Proposed|2024|doc_4.pdf
LUS-CDF-084|Secondary School|Singozi Ward|Education|0.0|0.0|0.0|0.0|Proposed|2024|doc_7.pdf
LUS-CDF-085|Construction of two houses at Sandwe primary School|District-wide|Education|0.0|0.0|0.0|0.0|Proposed|2024|doc_7.pdf
LUS-CDF-086|Construction of 1x3 classroom block ,4 staff houses and 8 VIP toilets at Kasuma Primary School|District-wide|Education|0.0|0.0|0.0|0.0|Proposed|2024|doc_7.pdf
LUS-CDF-087|Construction of a staff house at Kamuseche primary school|District-wide|Education|0.0|0.0|0.0|0.0|Proposed|2024|doc_7.pdf
LUS-CDF-088|Construction of 1 staff house at Matonga primary school|District-wide|Education|0.0|0.0|0.0|0.0|Proposed|2024|doc_7.pdf
LUS-CDF-089|Construction of a 1 x 3 Classroom Block at Kasangazi Primary School|District-wide|Education|850000.0|850000.0|0.0|0.0|Approved|2024|doc_7.pdf
LUS-CDF-090|Construction of a Chizalira rural health post|District-wide|Health|1250000.0|1250000.0|0.0|0.0|Approved|2024|doc_7.pdf
LUS-CDF-091|Drilling and equipping of two Boreholes at Lumbuka Zone|District-wide|Water & Sanitation|120000.0|120000.0|0.0|0.0|Approved|2024|doc_7.pdf
LUS-CDF-092|Completion of a Riverside Rural Health Post at Riverside|District-wide|Health|772000.0|772000.0|0.0|0.0|Approved|2024|doc_7.pdf
LUS-CDF-093|Construction of a 1 x 3 Classroom Block at Salazani Community School|District-wide|Education|850000.0|850000.0|0.0|0.0|Approved|2024|doc_7.pdf
LUS-CDF-094|Drilling of three boreholes in three zones of Chingolo|District-wide|Water & Sanitation|180000.0|180000.0|0.0|0.0|Approved|2024|doc_7.pdf
LUS-CDF-095|Construction of Rural Health Post at Misolo|District-wide|Health|1250000.0|1250000.0|0.0|0.0|Approved|2024|doc_7.pdf
LUS-CDF-096|Completion of Nsamba Maternity Annex|District-wide|Health|800000.0|800000.0|0.0|0.0|Approved|2024|doc_7.pdf
LUS-CDF-097|Construction of a staff house at Matonga Primary School|District-wide|Education|500000.0|500000.0|0.0|0.0|Approved|2024|doc_7.pdf
LUS-CDF-098|Construction of 1x3 CRB at Wasonkho Community School|District-wide|Education|850000.0|850000.0|0.0|0.0|Approved|2024|doc_7.pdf
LUS-CDF-099|Staff House in Mawanda Ward|District-wide|Education|100.0|100.0|0.0|0.0|Approved|2024|doc_19.pdf
LUS-CDF-100|School in Chisangu Ward|District-wide|Education|100.0|100.0|0.0|0.0|Approved|2024|doc_19.pdf
LUS-CDF-101|School in Mudonsa Ward|District-wide|Education|100.0|100.0|0.0|0.0|Approved|2024|doc_19.pdf
LUS-CDF-102|school in Ukwimi Ward|District-wide|Education|100.0|100.0|0.0|0.0|Approved|2024|doc_19.pdf
LUS-CDF-103|Center in Chikowa Ward|District-wide|Health|100.0|100.0|0.0|0.0|Approved|2024|doc_19.pdf
LUS-CDF-104|Health Center in Chikowa Ward|District-wide|Health|100.0|100.0|0.0|0.0|Approved|2024|doc_19.pdf
LUS-CDF-105|eyo-Mzeka Ward|District-wide|Education|100.0|100.0|0.0|0.0|Approved|2024|doc_19.pdf
LUS-CDF-106|School in Mateyo-Mzeka Ward|District-wide|Education|100.0|100.0|0.0|0.0|Approved|2024|doc_19.pdf
LUS-CDF-107|School in Nyakawise Ward|District-wide|Education|100.0|100.0|0.0|0.0|Approved|2024|doc_19.pdf
LUS-CDF-108|tangwila Community School in Nyakawise Ward|District-wide|Education|100.0|100.0|0.0|0.0|Approved|2024|doc_19.pdf
LUS-CDF-109|school in Chingolo Ward|District-wide|Education|100.0|100.0|0.0|0.0|Approved|2024|doc_19.pdf
LUS-CDF-110|in Singozi Ward|District-wide|Education|100.0|100.0|0.0|0.0|Approved|2024|doc_19.pdf
LUS-CDF-111|school in Singozi Ward|District-wide|Education|100.0|100.0|0.0|0.0|Approved|2024|doc_19.pdf
LUS-CDF-112|Village 18, Ukwimi|District-wide|Transport & Infrastructure|825258.0|825258.0|0.0|0.0|Approved|2024|doc_19.pdf
LUS-CDF-113|Staff House in Mawanda Ward|District-wide|Education|0.0|0.0|0.0|0.0|Proposed|2024|doc_19.pdf
LUS-CDF-114|School in Chisangu Ward|District-wide|Education|0.0|0.0|0.0|0.0|Proposed|2024|doc_19.pdf
LUS-CDF-115|ty Schoolin Chisangu Ward|District-wide|Education|0.0|0.0|0.0|0.0|Proposed|2024|doc_19.pdf
LUS-CDF-116|in Mudosa Ward|District-wide|Education|0.0|0.0|0.0|0.0|Proposed|2024|doc_19.pdf
LUS-CDF-117|School in Mudosa Ward|District-wide|Education|0.0|0.0|0.0|0.0|Proposed|2024|doc_19.pdf
LUS-CDF-118|School in Mudonsa Ward|District-wide|Education|0.0|0.0|0.0|0.0|Proposed|2024|doc_19.pdf
LUS-CDF-119|school in Ukwimi Ward|District-wide|Education|0.0|0.0|0.0|0.0|Proposed|2024|doc_19.pdf
LUS-CDF-120|ral heath centre in Ukwimi Ward|District-wide|Health|0.0|0.0|0.0|0.0|Proposed|2024|doc_19.pdf
LUS-CDF-121|School in Lusangazi Ward|District-wide|Education|0.0|0.0|0.0|0.0|Proposed|2024|doc_19.pdf
LUS-CDF-122|School in Chikowa Ward|District-wide|Education|0.0|0.0|0.0|0.0|Proposed|2024|doc_19.pdf
LUS-CDF-123|Maternity Annex-Construction at Sichilima Rural|District-wide|Health|0.0|0.0|0.0|0.0|Proposed|2024|doc_19.pdf
LUS-CDF-124|eyo-Mzeka Ward|District-wide|Education|0.0|0.0|0.0|0.0|Proposed|2024|doc_19.pdf
LUS-CDF-125|School in Mateyo-Mzeka Ward|District-wide|Education|0.0|0.0|0.0|0.0|Proposed|2024|doc_19.pdf
LUS-CDF-126|in Lutwazi Ward|District-wide|Education|0.0|0.0|0.0|0.0|Proposed|2024|doc_19.pdf
LUS-CDF-127|school in Nyakawise Ward|District-wide|Education|0.0|0.0|0.0|0.0|Proposed|2024|doc_19.pdf
LUS-CDF-128|School in Nyakawise Ward|District-wide|Education|0.0|0.0|0.0|0.0|Proposed|2024|doc_19.pdf
LUS-CDF-129|School Mawanda Ward|District-wide|Education|0.0|0.0|0.0|0.0|Proposed|2024|doc_19.pdf
LUS-CDF-130|tangwila Community School in Nyakawise Ward|District-wide|Education|0.0|0.0|0.0|0.0|Proposed|2024|doc_19.pdf
LUS-CDF-131|Primary school in Mawanda Ward|District-wide|Education|0.0|0.0|0.0|0.0|Proposed|2024|doc_19.pdf
LUS-CDF-132|school in Chingolo Ward|District-wide|Education|0.0|0.0|0.0|0.0|Proposed|2024|doc_19.pdf
LUS-CDF-133|school in Singozi Ward|District-wide|Education|0.0|0.0|0.0|0.0|Proposed|2024|doc_19.pdf
LUS-CDF-134|in Singozi Ward|District-wide|Education|0.0|0.0|0.0|0.0|Proposed|2024|doc_19.pdf
LUS-CDF-135|Songovah Community School in Ukwimi Ward|District-wide|Education|0.0|0.0|0.0|0.0|Proposed|2024|doc_19.pdf
LUS-CDF-136|School in Lutwazi Ward|District-wide|Education|0.0|0.0|0.0|0.0|Proposed|2024|doc_19.pdf
LUS-CDF-137|school in Mateyo-Mzeka Ward|District-wide|Education|0.0|0.0|0.0|0.0|Proposed|2024|doc_19.pdf
LUS-CDF-138|Completion of 1x2 CRB Penje-Penje School and Staff House in Mawanda Ward|District-wide|Education|100.0|100.0|0.0|0.0|Approved|2024|doc_19.pdf
LUS-CDF-139|Drilling and equipping of Seven (07) Boreholes in Lusangazi Ward|District-wide|Water & Sanitation|100.0|100.0|0.0|0.0|Approved|2024|doc_19.pdf
LUS-CDF-140|Construction of 1x2 CRB Njazi Community School School in Chisangu Ward|District-wide|Education|100.0|100.0|0.0|0.0|Approved|2024|doc_19.pdf
LUS-CDF-141|Rehabilitation of 1x4 CRB at Mwanika Communi- ty Schoolin Chisangu Ward|District-wide|Education|0.0|0.0|0.0|0.0|Proposed|2024|doc_19.pdf
LUS-CDF-142|Construction of 1x3 CRB at Riverside Day School in Mudosa Ward|District-wide|Education|0.0|0.0|0.0|0.0|Proposed|2024|doc_19.pdf
LUS-CDF-143|Construction of 1x2 CRB at Matizya Community School in Mudosa Ward|District-wide|Education|0.0|0.0|0.0|0.0|Proposed|2024|doc_19.pdf
LUS-CDF-144|Two Staff House Rehaililtation at Sonja Primary School in Mudonsa Ward|District-wide|Education|100.0|100.0|0.0|0.0|Approved|2024|doc_19.pdf
LUS-CDF-145|1x2 CRB Construction at Kaunyolo Commuity school in Ukwimi Ward|District-wide|Education|100.0|100.0|0.0|0.0|Approved|2024|doc_19.pdf
LUS-CDF-146|Water Borne Ablution Block at Ukwimi Market Area in Ukwimi Ward|District-wide|Water & Sanitation|100.0|100.0|0.0|0.0|Approved|2024|doc_19.pdf
LUS-CDF-147|Maternity Annex-Construction at Satellite 18 Ru- ral heath centre in Ukwimi Ward|District-wide|Health|0.0|0.0|0.0|0.0|Proposed|2024|doc_19.pdf
LUS-CDF-148|1x3 CRB Construction at Choteta Commuity School in Lusangazi Ward|District-wide|Education|0.0|0.0|0.0|0.0|Proposed|2024|doc_19.pdf
LUS-CDF-149|Maternity Annex-Construction at Sichilima Rural Health Center in Chikowa Ward|District-wide|Health|100.0|100.0|0.0|0.0|Approved|2024|doc_19.pdf
LUS-CDF-150|Staff House Rehaililtation at Misolo Clinic in Mat- eyo-Mzeka Ward|District-wide|Health|100.0|100.0|0.0|0.0|Approved|2024|doc_19.pdf
LUS-CDF-151|Construction of 1x2 CRB and toilet at Kamucheche Community School in Mawanda Ward|District-wide|Education|0.0|0.0|0.0|0.0|Proposed|2024|doc_19.pdf
LUS-CDF-152|1x2 CRB-Construction at Chamaleje Community School in Mateyo-Mzeka Ward|District-wide|Education|100.0|100.0|0.0|0.0|Approved|2024|doc_19.pdf
LUS-CDF-153|1x3 CRB Construction at Mwanza primary school in Lutwazi Ward|District-wide|Education|0.0|0.0|0.0|0.0|Proposed|2024|doc_19.pdf
LUS-CDF-154|1x2 CRB Construction at Simwenda community school in Nyakawise Ward|District-wide|Education|0.0|0.0|0.0|0.0|Proposed|2024|doc_19.pdf
LUS-CDF-155|Completion of 1x3 CRB at Nyamphande Primary School in Nyakawise Ward|District-wide|Education|100.0|100.0|0.0|0.0|Approved|2024|doc_19.pdf
LUS-CDF-156|Construction of 1x2 CRB at in Kachewele primary School Mawanda Ward|District-wide|Education|0.0|0.0|0.0|0.0|Proposed|2024|doc_19.pdf
LUS-CDF-157|Completion of 1x2 CRB and Staff House at ka- tangwila Community School in Nyakawise Ward|District-wide|Education|100.0|100.0|0.0|0.0|Approved|2024|doc_19.pdf
LUS-CDF-158|Construction of 1x3 CRB at Maila Secondary School in Chisangu Ward|District-wide|Education|0.0|0.0|0.0|0.0|Proposed|2024|doc_19.pdf
LUS-CDF-159|All Zones-BH rehabilitation in Nyakawise Ward|District-wide|Community Development|100.0|100.0|0.0|0.0|Approved|2024|doc_19.pdf
LUS-CDF-160|Completion of Computer Laboratory at Mawanda Primary school in Mawanda Ward|District-wide|Education|0.0|0.0|0.0|0.0|Proposed|2024|doc_19.pdf
LUS-CDF-161|1x2 CRB Construction at Malengo community school in Chingolo Ward|District-wide|Education|0.0|0.0|0.0|0.0|Proposed|2024|doc_19.pdf
LUS-CDF-162|1x2 CRB Construction at Chingolo community school in Chingolo Ward|District-wide|Education|100.0|100.0|0.0|0.0|Approved|2024|doc_19.pdf
LUS-CDF-163|1x3 CRB Construction at Kalumbi primary school in Singozi Ward|District-wide|Education|100.0|100.0|0.0|0.0|Approved|2024|doc_19.pdf
LUS-CDF-164|Staff House-Rehabilitation at Chikuse primary school in Singozi Ward|District-wide|Education|100.0|100.0|0.0|0.0|Approved|2024|doc_19.pdf
LUS-CDF-165|1x2 CRB Rehab & Rehab of Staff House at Songovah Community School in Ukwimi Ward|District-wide|Education|0.0|0.0|0.0|0.0|Proposed|2024|doc_19.pdf
LUS-CDF-166|1x3 CRB Construction at Teteke Community School in Chikowa Ward|District-wide|Education|0.0|0.0|0.0|0.0|Proposed|2024|doc_19.pdf
LUS-CDF-167|Construction of 1x2 CRB at Sasu Primary School in Singozi Ward|District-wide|Education|0.0|0.0|0.0|0.0|Proposed|2024|doc_19.pdf
LUS-CDF-168|1x3 CRB-Construction atChaingo Community School in Lutwazi Ward|District-wide|Education|0.0|0.0|0.0|0.0|Proposed|2024|doc_19.pdf
LUS-CDF-169|1x3 CRB Construction at Chitwelele Community school in Mateyo-Mzeka Ward|District-wide|Education|0.0|0.0|0.0|0.0|Proposed|2024|doc_19.pdf
LUS-CDF-170|Construction of a 1X3 classroom block at Nyaluwiro primary school|Mawanda Ward|Education|0.0|0.0|0.0|0.0|Proposed|2024|doc_19.pdf
LUS-CDF-171|Construction of a 1X3 classroom block at Mangolo primary school|Chisangu Ward|Education|0.0|0.0|0.0|0.0|Proposed|2024|doc_19.pdf
LUS-CDF-172|Construction of a health post at Sopa Zone|Mudonsa Ward|Health|0.0|0.0|0.0|0.0|Proposed|2024|doc_19.pdf
LUS-CDF-173|Drilling of 5 boreholes in 5 zones|Ukwimi Ward|Water & Sanitation|0.0|0.0|0.0|0.0|Proposed|2024|doc_19.pdf
LUS-CDF-174|Construction of a 1X3 classroom block at Mileka community school|Lusangazi Ward|Education|0.0|0.0|0.0|0.0|Proposed|2024|doc_19.pdf
LUS-CDF-175|Construction of Chiefs Palace in Sandwe Chiefdom (Presidential Pronouncement)|District-wide|Community Development|0.0|0.0|0.0|0.0|Proposed|2024|doc_19.pdf
LUS-CDF-176|Construction of a 1X3 classroom block at Chikhombe primary school|Chikowa Ward|Education|0.0|0.0|0.0|0.0|Proposed|2024|doc_19.pdf
LUS-CDF-177|Drilling of 3 boreholes at Teteke zone, Chikhombe zone (Israel village and Chikasu village)|District-wide|Water & Sanitation|0.0|0.0|0.0|0.0|Proposed|2024|doc_19.pdf
LUS-CDF-178|Procurement of an ambulance|District-wide|Health|2700000.0|2700000.0|0.0|0.0|Approved|2024|doc_37.pdf
LUS-CDF-179|Procurement of motorbikes|District-wide|Community Development|150000.0|150000.0|0.0|0.0|Approved|2024|doc_37.pdf
LUS-CDF-180|Construction of Chief’s Palace|District-wide|Community Development|1000000.0|1000000.0|0.0|0.0|Approved|2024|doc_37.pdf
LUS-CDF-181|Procurement of desks|District-wide|Education|3000000.0|3000000.0|0.0|0.0|Approved|2024|doc_37.pdf
LUS-CDF-182|Procurement of a Roller Compactor|District-wide|Transport & Infrastructure|2877000.0|2877000.0|0.0|0.0|Approved|2024|doc_37.pdf
LUS-CDF-183|Procurement of Tipper Truck|District-wide|Transport & Infrastructure|2449.0|2449.0|0.0|0.0|Approved|2024|doc_37.pdf
LUS-CDF-184|motor grader|District-wide|Transport & Infrastructure|1952700.0|1952700.0|0.0|0.0|Approved|2024|doc_37.pdf
LUS-CDF-185|Haugen primary|Chisangu Ward|Education|0.0|0.0|0.0|0.0|Proposed|2024|doc_37.pdf
LUS-CDF-186|staff house at Katasha polling station|Nyakawise Ward|Education|0.0|0.0|0.0|0.0|Proposed|2024|doc_37.pdf
LUS-CDF-187|Zanje (chinkhombe )|Chikowa Ward|Education|0.0|0.0|0.0|0.0|Proposed|2024|doc_37.pdf
LUS-CDF-188|Wasonkho primary school|Lutwazi Ward|Education|0.0|0.0|0.0|0.0|Proposed|2024|doc_37.pdf
LUS-CDF-189|Procurement of an ambulance|District-wide|Health|0.0|0.0|0.0|0.0|Proposed|2024|doc_37.pdf
LUS-CDF-190|Procurement of motorbikes|District-wide|Community Development|0.0|0.0|0.0|0.0|Proposed|2024|doc_37.pdf
LUS-CDF-191|Construction of Chief’s Palace|District-wide|Community Development|0.0|0.0|0.0|0.0|Proposed|2024|doc_37.pdf
LUS-CDF-192|Procurement of desks|District-wide|Education|0.0|0.0|0.0|0.0|Proposed|2024|doc_37.pdf
LUS-CDF-193|Procurement of Tipper Truck|District-wide|Transport & Infrastructure|0.0|0.0|0.0|0.0|Proposed|2024|doc_37.pdf
LUS-CDF-194|motor grader|District-wide|Transport & Infrastructure|0.0|0.0|0.0|0.0|Proposed|2024|doc_37.pdf
LUS-CDF-195|Drilling of borehole at Masosi village|District-wide|Water & Sanitation|0.0|0.0|0.0|0.0|Proposed|2024|doc_37.pdf
LUS-CDF-196|Completion of 1x3 classroom block at Mileka Primary School|District-wide|Education|0.0|0.0|0.0|0.0|Proposed|2024|doc_37.pdf
LUS-CDF-197|Construction of two staff houses at Haugen primary|District-wide|Community Development|0.0|0.0|0.0|0.0|Proposed|2024|doc_37.pdf
LUS-CDF-198|Construction of 2 staff houses, rehabilitation of Rural health center, drilling a borehole and procurement of 15 mattresses and 15 beds at Chikuse Rural Health center|District-wide|Water & Sanitation|0.0|0.0|0.0|0.0|Proposed|2024|doc_37.pdf
LUS-CDF-199|Construction of 4 staff houses at Sasu rural health center|District-wide|Health|0.0|0.0|0.0|0.0|Proposed|2024|doc_37.pdf
LUS-CDF-200|Construction of a health post, a staff house and a toilet at Nsamba clinic|District-wide|Health|0.0|0.0|0.0|0.0|Proposed|2024|doc_37.pdf
LUS-CDF-201|Rehabilitation of 40 boreholes in the ward|District-wide|Water & Sanitation|0.0|0.0|0.0|0.0|Proposed|2024|doc_37.pdf
LUS-CDF-202|Construction of 1x3 classroom block at New Mzumwa primary and procurement of desks|District-wide|Education|0.0|0.0|0.0|0.0|Proposed|2024|doc_37.pdf
LUS-CDF-203|for vulnerable learners to access Secondary Boarding Schools and Skills Training Institutions|District-wide|Education|0.0|0.0|0.0|0.0|Proposed|2024|doc_54.pdf
LUS-CDF-204|3. Land Title/Ownership (where applicable)………………………|District-wide|Health|0.0|0.0|0.0|0.0|Proposed|2024|doc_54.pdf
LUS-CDF-205|Water Supply and Sanitation|District-wide|Water & Sanitation|0.0|0.0|0.0|0.0|Proposed|2024|doc_65.pdf
LUS-CDF-206|Construction and rehabilitation of lined and other improved wells|District-wide|Water & Sanitation|0.0|0.0|0.0|0.0|Proposed|2024|doc_65.pdf
LUS-CDF-207|Construction and rehabilitation of small scale dams|District-wide|Water & Sanitation|0.0|0.0|0.0|0.0|Proposed|2024|doc_65.pdf
LUS-CDF-208|Construction and rehabilitation of boreholes|District-wide|Water & Sanitation|0.0|0.0|0.0|0.0|Proposed|2024|doc_65.pdf
LUS-CDF-209|Piped water supply system|District-wide|Water & Sanitation|0.0|0.0|0.0|0.0|Proposed|2024|doc_65.pdf
LUS-CDF-210|Construction and rehabilitation of flush toilets or water borne sanitation system|District-wide|Water & Sanitation|0.0|0.0|0.0|0.0|Proposed|2024|doc_65.pdf
LUS-CDF-211|Drainage system|District-wide|Community Development|0.0|0.0|0.0|0.0|Proposed|2024|doc_65.pdf
LUS-CDF-212|Construction, rehabilitation and maintenance of feeder and community roads|District-wide|Transport & Infrastructure|0.0|0.0|0.0|0.0|Proposed|2024|doc_65.pdf
LUS-CDF-213|Community foot bridge construction and maintenance|District-wide|Transport & Infrastructure|0.0|0.0|0.0|0.0|Proposed|2024|doc_65.pdf
LUS-CDF-214|Culvert installation|District-wide|Transport & Infrastructure|0.0|0.0|0.0|0.0|Proposed|2024|doc_65.pdf
LUS-CDF-215|Cause way construction|District-wide|Community Development|0.0|0.0|0.0|0.0|Proposed|2024|doc_65.pdf
LUS-CDF-216|Canals, waterways embankments|District-wide|Water & Sanitation|0.0|0.0|0.0|0.0|Proposed|2024|doc_65.pdf
LUS-CDF-217|Rain water harvesting infrastructure|District-wide|Water & Sanitation|0.0|0.0|0.0|0.0|Proposed|2024|doc_65.pdf
LUS-CDF-218|Communal refuse bays|District-wide|Community Development|0.0|0.0|0.0|0.0|Proposed|2024|doc_65.pdf
LUS-CDF-219|Small Scale Irrigation Systems|District-wide|Agriculture & Livestock|0.0|0.0|0.0|0.0|Proposed|2024|doc_65.pdf
LUS-CDF-220|Community Storage Sheds|District-wide|Community Development|0.0|0.0|0.0|0.0|Proposed|2024|doc_65.pdf
LUS-CDF-221|Construction and rehabilitation of markets|District-wide|Markets & Public Order|0.0|0.0|0.0|0.0|Proposed|2024|doc_65.pdf
LUS-CDF-222|Construction and rehabilitation of bus shelters|District-wide|Community Development|0.0|0.0|0.0|0.0|Proposed|2024|doc_65.pdf
LUS-CDF-223|Rehabilitation and construction of community police posts|District-wide|Markets & Public Order|0.0|0.0|0.0|0.0|Proposed|2024|doc_65.pdf
LUS-CDF-224|Construction and rehabilitation of education facilities (Schools, libraries and laboratories) including provision of desks|District-wide|Education|0.0|0.0|0.0|0.0|Proposed|2024|doc_65.pdf
LUS-CDF-225|Construction and rehabilitation of health facilities e.g. health posts, maternity wing|District-wide|Health|0.0|0.0|0.0|0.0|Proposed|2024|doc_65.pdf
LUS-CDF-226|Construction and rehabilitation of community library|District-wide|Community Development|0.0|0.0|0.0|0.0|Proposed|2024|doc_65.pdf
LUS-CDF-227|Health Projects such as nutrition etc|District-wide|Health|0.0|0.0|0.0|0.0|Proposed|2024|doc_65.pdf
LUS-CDF-228|Projects that take into consideration the care and support to People living with HIV/AIDS and other terminally illnesses|District-wide|Community Development|0.0|0.0|0.0|0.0|Proposed|2024|doc_65.pdf
LUS-CDF-229|Education Projects such as literacy projects|District-wide|Education|0.0|0.0|0.0|0.0|Proposed|2024|doc_65.pdf
LUS-CDF-230|Rehabilitation of community or welfare halls|District-wide|Community Development|0.0|0.0|0.0|0.0|Proposed|2024|doc_65.pdf
LUS-CDF-231|Rehabilitation of recreational facilities, e.g. play grounds and play fields|District-wide|Community Development|0.0|0.0|0.0|0.0|Proposed|2024|doc_65.pdf
LUS-CDF-232|Empowerment Loans|District-wide|Social Empowerment & Skills|0.0|0.0|0.0|0.0|Proposed|2024|doc_65.pdf
LUS-CDF-233|Empowerment Grants|District-wide|Social Empowerment & Skills|0.0|0.0|0.0|0.0|Proposed|2024|doc_65.pdf
LUS-CDF-234|Signed Minutes of Community meetings|District-wide|Community Development|0.0|0.0|0.0|0.0|Proposed|2024|doc_65.pdf
LUS-CDF-235|Proof of ownership documents in-case of projects involving construction (title deeds, community land)|District-wide|Community Development|0.0|0.0|0.0|0.0|Proposed|2024|doc_65.pdf
LUS-CDF-236|Recommendation letter from the community leaders i.e. WDC, Councilors|District-wide|Community Development|0.0|0.0|0.0|0.0|Proposed|2024|doc_65.pdf
LUS-CDF-237|Construction of a Chizalira rural post|District-wide|Health|1250000.0|1250000.0|0.0|0.0|Approved|2024|doc_69.pdf
LUS-CDF-238|Construction of a Rural Post at Lumbuka Zone|District-wide|Health|1250000.0|1250000.0|0.0|0.0|Approved|2024|doc_69.pdf
LUS-CDF-239|Completion of a Riverside Rural Post at Riverside|District-wide|Health|772000.0|772000.0|0.0|0.0|Approved|2024|doc_69.pdf
LUS-CDF-240|Construction of a Rural Post at Chiwa zone|District-wide|Health|1250000.0|1250000.0|0.0|0.0|Approved|2024|doc_69.pdf
LUS-CDF-241|Construction of Rural Post at Misolo|District-wide|Health|1250000.0|1250000.0|0.0|0.0|Approved|2024|doc_69.pdf
LUS-CDF-242|Additional funds to the Construction of a Post at Ndambwe|District-wide|Water & Sanitation|250000.0|250000.0|0.0|0.0|Approved|2024|doc_69.pdf
LUS-CDF-243|Songovwa Primary School|Ukwimi Ward|Education|0.0|0.0|0.0|0.0|Proposed|2024|doc_69.pdf
LUS-CDF-244|population according to the|District-wide|Health|0.0|0.0|0.0|0.0|Proposed|2024|doc_69.pdf
LUS-CDF-245|at Haugen Primary School|Chisangu Ward|Education|0.0|0.0|0.0|0.0|Proposed|2024|doc_69.pdf
LUS-CDF-246|Primary School|Nyakawise Ward|Education|0.0|0.0|0.0|0.0|Proposed|2024|doc_69.pdf
LUS-CDF-247|Construction of|Singozi Ward|Health|0.0|0.0|0.0|0.0|Proposed|2024|doc_69.pdf
LUS-CDF-248|Drilling of a Solar Powered Borehole at Ukwimi A|District-wide|Water & Sanitation|270000.0|270000.0|0.0|0.0|Approved|2024|doc_69.pdf
LUS-CDF-249|Construction of a Local Court|District-wide|Community Development|1661103.73|1661103.73|0.0|0.0|Approved|2024|doc_69.pdf
LUS-CDF-250|Completion of Council house at Civic Centre|District-wide|Community Development|610000.0|610000.0|0.0|0.0|Approved|2024|doc_69.pdf
LUS-CDF-251|Drilling and Equipping of 6 Boreholes in All Zones|District-wide|Water & Sanitation|60000.0|60000.0|0.0|0.0|Approved|2024|doc_69.pdf
LUS-CDF-252|Construction of a 1 x 3 Classroom Block and a Staff house at Fuwe Community School|District-wide|Education|1500400.0|1500400.0|0.0|0.0|Approved|2024|doc_69.pdf
LUS-CDF-253|Drilling and Equipping of a Boreholes in Lumbuka Zone|District-wide|Water & Sanitation|60000.0|60000.0|0.0|0.0|Approved|2024|doc_69.pdf
LUS-CDF-254|Drilling and Equipping of 5 Boreholes in Mudonsa, Sopa & Riverside Zones|District-wide|Water & Sanitation|60000.0|60000.0|0.0|0.0|Approved|2024|doc_69.pdf
LUS-CDF-255|Construction of a staff house at Chikombe Community School|District-wide|Education|590000.0|590000.0|0.0|0.0|Approved|2024|doc_69.pdf
LUS-CDF-256|Drilling of a Solar Powered Borehole In Sichilima Zone|District-wide|Water & Sanitation|270000.0|270000.0|0.0|0.0|Approved|2024|doc_69.pdf
LUS-CDF-257|School desks|District-wide|Education|1800.0|1800.0|0.0|0.0|Approved|2024|doc_69.pdf
LUS-CDF-258|Nsamba Maternity Annex|District-wide|Health|895000.0|895000.0|0.0|0.0|Approved|2024|doc_69.pdf
LUS-CDF-259|Construction of a stuff house at Matonga Clinic|District-wide|Health|590000.0|590000.0|0.0|0.0|Approved|2024|doc_69.pdf
LUS-CDF-260|Construction of 1x3 CRB at Wasonko Community School|District-wide|Education|910400.0|910400.0|0.0|0.0|Approved|2024|doc_69.pdf
LUS-CDF-261|Drilling and equipping of 5 boreholes in Lutwazi ward|District-wide|Water & Sanitation|60000.0|60000.0|0.0|0.0|Approved|2024|doc_69.pdf
LUS-CDF-262|Construction of a Health Post at Ndambwe Zone|District-wide|Water & Sanitation|1355000.0|1355000.0|0.0|0.0|Approved|2024|doc_69.pdf
LUS-CDF-263|Drilling of a Solar Powered Borehole at Ndambwe Zone|District-wide|Water & Sanitation|270000.0|270000.0|0.0|0.0|Approved|2024|doc_69.pdf
LUS-CDF-264|Construction of 1x3 CRB at Monde Day Primary School|District-wide|Education|910400.0|910400.0|0.0|0.0|Approved|2024|doc_69.pdf
LUS-CDF-265|Drilling and Equipping of 3 Boreholes at Mandevu, Kalumbi & Simwenda Mzenje Zone|District-wide|Water & Sanitation|60000.0|60000.0|0.0|0.0|Approved|2024|doc_69.pdf
LUS-CDF-266|Skills training centre and hostel|Ukwimi Ward|Social Empowerment & Skills|0.0|0.0|0.0|0.0|Proposed|2024|doc_69.pdf
LUS-CDF-267|Construction of a dump site with required facilities|Ukwimi Ward|Community Development|0.0|0.0|0.0|0.0|Proposed|2024|doc_69.pdf
LUS-CDF-268|Procurement of a tractor and Trailer|Ukwimi Ward|Agriculture & Livestock|500.0|500.0|0.0|0.0|Approved|2024|doc_69.pdf
LUS-CDF-269|Construction of an ablution block at the market|District-wide|Education|750.0|750.0|0.0|0.0|Approved|2024|doc_69.pdf
LUS-CDF-270|Construction of a Storage shed|Mawanda Ward|Community Development|0.0|0.0|0.0|0.0|Proposed|2024|doc_69.pdf
